Row Number,MessageImportance
2,5
3,1
4,6
5,8
6,1
7,5
8,2
9,7
10,1
11,8
12,4
13,3
14,1
15,5
16,4
17,3
18,7
19,2
20,4
21,5
22,1
23,8
24,6
25,1
26,1
27,8
28,3
29,6
30,10
31,1
32,5
33,10
34,8
35,8
36,5
37,6
38,7
39,8
40,7
41,4
42,7
43,2
44,9
45,3
46,1
47,9
48,2
49,10
50,10
51,1
52,1
53,10
54,10
55,5
56,5
57,4
58,6
59,2
60,2
61,1
62,9
63,7
64,6
65,4
66,3
67,8
68,6
69,6
70,9
71,2
72,10
73,10
74,1
75,10
76,2
77,6
78,9
79,2
80,7
81,2
82,5
83,6
84,9
85,1
86,5
87,2
88,2
89,2
90,9
91,4
92,5
93,4
94,4
95,9
96,4
97,7
98,1
99,1
100,7
101,2
102,6
103,10
104,9
105,9
106,2
107,8
108,10
109,5
110,4
111,4
112,2
113,7
114,8
115,3
116,3
117,9
118,9
119,2
120,5
121,1
122,6
123,2
124,2
125,5
126,10
127,9
128,9
129,1
130,8
131,3
132,1
133,8
134,1
135,1
136,7
137,9
138,4
139,9
140,6
141,1
142,2
143,10
144,6
145,6
146,4
147,5
148,6
149,8
150,10
151,2
152,4
153,2
154,5
155,7
156,1
157,4
158,8
159,8
160,1
161,4
162,3
163,7
164,8
165,1
166,3
167,2
168,8
169,9
170,1
171,7
172,4
173,8
174,1
175,1
176,5
177,9
178,3
179,3
180,10
181,8
182,7
183,9
184,5
185,5
186,6
187,1
188,9
189,5
190,4
191,7
192,1
193,5
194,1
195,2
196,1
197,6
198,4
199,2
200,9
201,8
202,1
203,7
204,2
205,2
206,5
207,4
208,8
209,2
210,1
211,7
212,7
213,3
214,3
215,9
216,3
217,7
218,5
219,9
220,3
221,2
222,3
223,7
224,8
225,4
226,6
227,6
228,9
229,3
230,6
231,1
232,8
233,6
234,3
235,7
236,7
237,7
238,6
239,10
240,4
241,5
242,9
243,3
244,10
245,4
246,5
247,6
248,1
249,9
250,1
251,10
252,6
253,2
254,6
255,1
256,2
257,6
258,5
259,1
260,5
261,5
262,6
263,5
264,5
265,3
266,3
267,1
268,8
269,5
270,6
271,1
272,7
273,9
274,2
275,10
276,3
277,8
278,1
279,6
280,4
281,8
282,5
283,9
284,7
285,5
286,5
287,2
288,10
289,10
290,5
291,10
292,1
293,1
294,6
295,8
296,10
297,3
298,3
299,10
300,2
301,7
302,1
303,2
304,9
305,2
306,10
307,3
308,8
309,8
310,10
311,1
312,9
313,9
314,9
315,5
316,7
317,5
318,2
319,8
320,7
321,8
322,9
323,4
324,3
325,8
326,1
327,6
328,7
329,8
330,2
331,3
332,6
333,7
334,3
335,8
336,5
337,4
338,3
339,3
340,7
341,3
342,9
343,4
344,2
345,8
346,2
347,10
348,10
349,2
350,2
351,7
352,4
353,8
354,6
355,3
356,4
357,3
358,1
359,3
360,3
361,5
362,9
363,4
364,4
365,8
366,7
367,7
368,6
369,9
370,8
371,10
372,6
373,9
374,9
375,1
376,2
377,1
378,6
379,2
380,9
381,4
382,9
383,8
384,7
385,5
386,5
387,6
388,2
389,7
390,5
391,3
392,7
393,4
394,4
395,9
396,4
397,3
398,9
399,9
400,6
401,10
402,2
403,9
404,7
405,4
406,8
407,6
408,6
409,5
410,8
411,9
412,7
413,9
414,4
415,10
416,10
417,7
418,6
419,10
420,4
421,6
422,9
423,1
424,7
425,5
426,1
427,1
428,7
429,5
430,10
431,1
432,3
433,10
434,5
435,10
436,5
437,1
438,2
439,8
440,3
441,6
442,5
443,6
444,3
445,9
446,7
447,3
448,1
449,6
450,3
451,1
452,2
453,8
454,7
455,2
456,1
457,8
458,9
459,4
460,8
461,10
462,9
463,1
464,4
465,2
466,5
467,6
468,6
469,5
470,3
471,3
472,4
473,6
474,5
475,10
476,10
477,2
478,3
479,6
480,5
481,1
482,4
483,6
484,2
485,5
486,10
487,3
488,4
489,1
490,7
491,8
492,2
493,6
494,1
495,10
496,8
497,6
498,8
499,9
500,3
501,9
502,1
503,7
504,1
505,10
506,9
507,4
508,1
509,3
510,1
511,9
512,8
513,1
514,4
515,2
516,9
517,9
518,4
519,9
520,1
521,9
522,6
523,6
524,6
525,8
526,10
527,8
528,9
529,4
530,4
531,9
532,1
533,6
534,1
535,5
536,4
537,10
538,4
539,8
540,4
541,4
542,10
543,6
544,1
545,7
546,7
547,9
548,2
549,10
550,1
551,2
552,10
553,8
554,2
555,4
556,7
557,5
558,5
559,1
560,1
561,3
562,3
563,1
564,9
565,10
566,10
567,6
568,4
569,7
570,3
571,7
572,4
573,9
574,9
575,6
576,5
577,8
578,9
579,5
580,3
581,3
582,3
583,8
584,2
585,10
586,2
587,7
588,10
589,4
590,8
591,10
592,10
593,6
594,6
595,2
596,5
597,2
598,8
599,1
600,6
601,10
602,2
603,1
604,5
605,10
606,5
607,3
608,6
609,5
610,7
611,7
612,4
613,7
614,5
615,2
616,1
617,9
618,3
619,6
620,2
621,3
622,7
623,7
624,4
625,1
626,6
627,5
628,8
629,5
630,6
631,1
632,1
633,8
634,6
635,6
636,7
637,7
638,4
639,7
640,1
641,10
642,2
643,9
644,5
645,10
646,9
647,3
648,6
649,4
650,2
651,5
652,2
653,4
654,7
655,7
656,7
657,3
658,6
659,8
660,3
661,8
662,8
663,8
664,7
665,2
666,4
667,10
668,9
669,7
670,6
671,3
672,10
673,6
674,5
675,8
676,7
677,10
678,1
679,8
680,7
681,5
682,2
683,1
684,9
685,5
686,3
687,10
688,9
689,8
690,9
691,10
692,10
693,10
694,6
695,7
696,6
697,2
698,8
699,8
700,9
701,1
702,7
703,4
704,3
705,8
706,3
707,8
708,10
709,8
710,7
711,1
712,5
713,10
714,9
715,2
716,8
717,2
718,4
719,8
720,5
721,4
722,8
723,9
724,10
725,3
726,1
727,3
728,7
729,10
730,9
731,5
732,6
733,7
734,4
735,10
736,8
737,1
738,10
739,3
740,3
741,5
742,10
743,2
744,7
745,3
746,1
747,6
748,10
749,1
750,7
751,10
752,8
753,9
754,5
755,10
756,8
757,6
758,6
759,4
760,9
761,2
762,6
763,2
764,9
765,9
766,1
767,7
768,8
769,9
770,9
771,2
772,8
773,3
774,7
775,1
776,4
777,10
778,7
779,2
780,2
781,8
782,8
783,7
784,5
785,10
786,8
787,10
788,7
789,1
790,9
791,4
792,5
793,6
794,6
795,6
796,9
797,6
798,9
799,6
800,4
801,10
802,9
803,7
804,8
805,10
806,6
807,7
808,7
809,2
810,5
811,2
812,3
813,7
814,4
815,7
816,9
817,6
818,4
819,6
820,5
821,7
822,8
823,7
824,3
825,4
826,4
827,7
828,4
829,9
830,4
831,4
832,9
833,1
834,7
835,2
836,10
837,4
838,5
839,5
840,6
841,10
842,1
843,7
844,2
845,7
846,2
847,2
848,4
849,1
850,6
851,2
852,2
853,3
854,2
855,7
856,10
857,7
858,4
859,8
860,3
861,1
862,4
863,8
864,9
865,10
866,3
867,7
868,3
869,8
870,1
871,3
872,6
873,5
874,3
875,9
876,4
877,8
878,7
879,6
880,4
881,1
882,3
883,6
884,3
885,4
886,4
887,5
888,3
889,1
890,10
891,4
892,4
893,6
894,3
895,5
896,7
897,1
898,7
899,5
900,2
901,4
902,8
903,9
904,1
905,3
906,1
907,7
908,2
909,6
910,9
911,6
912,1
913,10
914,10
915,9
916,3
917,9
918,7
919,3
920,2
921,1
922,6
923,4
924,3
925,5
926,2
927,10
928,3
929,4
930,4
931,8
932,7
933,9
934,2
935,2
936,1
937,10
938,6
939,1
940,3
941,10
942,10
943,4
944,6
945,1
946,8
947,6
948,6
949,3
950,9
951,5
952,1
953,9
954,7
955,5
956,10
957,7
958,7
959,4
960,7
961,7
962,9
963,8
964,7
965,7
966,9
967,9
968,10
969,2
970,1
971,3
972,1
973,7
974,3
975,1
976,7
977,7
978,6
979,7
980,9
981,8
982,3
983,7
984,3
985,8
986,6
987,1
988,6
989,10
990,2
991,8
992,10
993,5
994,10
995,2
996,4
997,8
998,1
999,4
1000,4
1001,5
1002,5
1003,2
1004,2
1005,1
1006,6
1007,8
1008,9
1009,7
1010,2
1011,7
1012,9
1013,2
1014,1
1015,1
1016,5
1017,8
1018,5
1019,6
1020,5
1021,9
1022,7
1023,3
1024,9
1025,1
1026,7
1027,10
1028,4
1029,1
1030,7
1031,3
1032,1
1033,1
1034,10
1035,2
1036,5
1037,9
1038,6
1039,4
1040,1
1041,2
1042,8
1043,8
1044,9
1045,4
1046,1
1047,7
1048,3
1049,9
1050,3
1051,5
1052,5
1053,7
1054,10
1055,1
1056,7
1057,4
1058,4
1059,8
1060,2
1061,7
1062,4
1063,1
1064,2
1065,4
1066,3
1067,6
1068,1
1069,5
1070,7
1071,8
1072,2
1073,6
1074,3
1075,3
1076,8
1077,10
1078,4
1079,1
1080,4
1081,10
1082,3
1083,3
1084,4
1085,7
1086,3
1087,3
1088,10
1089,5
1090,3
1091,5
1092,9
1093,9
1094,8
1095,10
1096,4
1097,2
1098,7
1099,8
1100,4
1101,9
1102,5
1103,4
1104,10
1105,5
1106,3
1107,7
1108,7
1109,10
1110,1
1111,6
1112,1
1113,2
1114,9
1115,5
1116,8
1117,8
1118,3
1119,5
1120,4
1121,1
1122,10
1123,7
1124,10
1125,10
1126,10
1127,2
1128,9
1129,5
1130,2
1131,7
1132,3
1133,2
1134,4
1135,2
1136,4
1137,2
1138,5
1139,8
1140,6
1141,9
1142,7
1143,4
1144,1
1145,3
1146,6
1147,2
1148,4
1149,7
1150,5
1151,7
1152,8
1153,4
1154,10
1155,10
1156,6
1157,4
1158,6
1159,6
1160,3
1161,3
1162,3
1163,8
1164,4
1165,4
1166,1
1167,5
1168,6
1169,9
1170,5
1171,2
1172,7
1173,2
1174,8
1175,8
1176,1
1177,10
1178,8
1179,4
1180,6
1181,10
1182,4
1183,1
1184,3
1185,6
1186,3
1187,2
1188,1
1189,2
1190,5
1191,6
1192,1
1193,4
1194,9
1195,8
1196,1
1197,5
1198,10
1199,8
1200,7
1201,5
1202,3
1203,7
1204,1
1205,7
1206,4
1207,10
1208,7
1209,3
1210,6
1211,3
1212,5
1213,1
1214,7
1215,2
1216,3
1217,7
1218,3
1219,3
1220,2
1221,1
1222,2
1223,4
1224,1
1225,3
1226,4
1227,6
1228,1
1229,9
1230,7
1231,6
1232,9
1233,2
1234,8
1235,7
1236,8
1237,6
1238,9
1239,3
1240,5
1241,8
1242,1
1243,2
1244,6
1245,8
1246,7
1247,5
1248,8
1249,6
1250,5
1251,4
1252,6
1253,3
1254,4
1255,6
1256,9
1257,4
1258,1
1259,3
1260,7
1261,4
1262,9
1263,8
1264,9
1265,7
1266,1
1267,4
1268,3
1269,9
1270,4
1271,9
1272,6
1273,9
1274,8
1275,4
1276,6
1277,3
1278,9
1279,2
1280,1
1281,4
1282,3
1283,1
1284,1
1285,6
1286,9
1287,5
1288,10
1289,4
1290,2
1291,8
1292,4
1293,9
1294,1
1295,2
1296,4
1297,3
1298,8
1299,5
1300,8
1301,6
1302,6
1303,2
1304,4
1305,2
1306,1
1307,9
1308,10
1309,3
1310,5
1311,6
1312,8
1313,3
1314,5
1315,5
1316,6
1317,5
1318,2
1319,7
1320,1
1321,4
1322,4
1323,4
1324,10
1325,6
1326,2
1327,2
1328,3
1329,3
1330,9
1331,4
1332,7
1333,2
1334,4
1335,4
1336,10
1337,9
1338,8
1339,8
1340,3
1341,6
1342,2
1343,5
1344,5
1345,6
1346,6
1347,9
1348,10
1349,7
1350,10
1351,9
1352,1
1353,8
1354,9
1355,5
1356,10
1357,6
1358,2
1359,9
1360,3
1361,3
1362,6
1363,6
1364,2
1365,6
1366,1
1367,10
1368,1
1369,3
1370,10
1371,6
1372,7
1373,7
1374,4
1375,4
1376,9
1377,10
1378,2
1379,9
1380,6
1381,9
1382,7
1383,6
1384,7
1385,3
1386,10
1387,8
1388,9
1389,3
1390,8
1391,10
1392,2
1393,1
1394,10
1395,7
1396,5
1397,7
1398,2
1399,8
1400,6
1401,1
1402,9
1403,9
1404,10
1405,5
1406,10
1407,8
1408,8
1409,10
1410,6
1411,2
1412,10
1413,10
1414,5
1415,10
1416,3
1417,1
1418,9
1419,2
1420,8
1421,7
1422,7
1423,4
1424,6
1425,10
1426,6
1427,5
1428,7
1429,1
1430,2
1431,5
1432,6
1433,9
1434,10
1435,1
1436,6
1437,4
1438,1
1439,6
1440,6
1441,10
1442,1
1443,4
1444,8
1445,7
1446,6
1447,4
1448,7
1449,4
1450,6
1451,6
1452,7
1453,5
1454,8
1455,6
1456,6
1457,9
1458,2
1459,10
1460,3
1461,3
1462,7
1463,9
1464,1
1465,8
1466,10
1467,6
1468,4
1469,2
1470,9
1471,2
1472,6
1473,8
1474,6
1475,4
1476,3
1477,9
1478,4
1479,3
1480,2
1481,10
1482,9
1483,3
1484,9
1485,10
1486,10
1487,4
1488,10
1489,8
1490,4
1491,10
1492,8
1493,10
1494,1
1495,6
1496,7
1497,4
1498,2
1499,5
1500,9
1501,9
1502,7
1503,1
1504,2
1505,2
1506,6
1507,1
1508,1
1509,1
1510,5
1511,10
1512,4
1513,5
1514,9
1515,6
1516,8
1517,7
1518,10
1519,8
1520,10
1521,5
1522,7
1523,3
1524,9
1525,2
1526,3
1527,1
1528,4
1529,7
1530,4
1531,5
1532,9
1533,7
1534,5
1535,8
1536,10
1537,4
1538,1
1539,2
1540,3
1541,10
1542,4
1543,4
1544,1
1545,3
1546,10
1547,5
1548,8
1549,1
1550,8
1551,4
1552,4
1553,8
1554,8
1555,1
1556,1
1557,6
1558,3
1559,10
1560,10
1561,8
1562,9
1563,7
1564,5
1565,3
1566,8
1567,9
1568,7
1569,8
1570,9
1571,6
1572,6
1573,10
1574,7
1575,3
1576,3
1577,9
1578,8
1579,6
1580,2
1581,8
1582,10
1583,3
1584,10
1585,10
1586,5
1587,9
1588,2
1589,4
1590,9
1591,10
1592,10
1593,4
1594,2
1595,9
1596,7
1597,9
1598,1
1599,8
1600,1
1601,8
1602,7
1603,3
1604,2
1605,7
1606,3
1607,2
1608,5
1609,8
1610,6
1611,5
1612,4
1613,3
1614,1
1615,5
1616,7
1617,6
1618,3
1619,7
1620,7
1621,9
1622,8
1623,5
1624,5
1625,10
1626,8
1627,8
1628,6
1629,2
1630,6
1631,5
1632,4
1633,2
1634,4
1635,5
1636,1
1637,7
1638,3
1639,4
1640,1
1641,10
1642,10
1643,7
1644,5
1645,1
1646,9
1647,2
1648,2
1649,1
1650,3
1651,6
1652,4
1653,4
1654,4
1655,4
1656,8
1657,1
1658,6
1659,5
1660,10
1661,1
1662,6
1663,9
1664,3
1665,6
1666,1
1667,2
1668,5
1669,5
1670,4
1671,7
1672,6
1673,4
1674,10
1675,2
1676,7
1677,6
1678,8
1679,6
1680,3
1681,8
1682,6
1683,3
1684,3
1685,4
1686,8
1687,4
1688,6
1689,5
1690,10
1691,10
1692,10
1693,1
1694,9
1695,6
1696,3
1697,1
1698,9
1699,2
1700,4
1701,6
1702,10
1703,5
1704,9
1705,1
1706,1
1707,8
1708,8
1709,1
1710,8
1711,2
1712,4
1713,3
1714,8
1715,7
1716,8
1717,1
1718,4
1719,6
1720,9
1721,7
1722,4
1723,3
1724,7
1725,3
1726,8
1727,4
1728,7
1729,8
1730,4
1731,3
1732,10
1733,2
1734,3
1735,3
1736,1
1737,6
1738,9
1739,9
1740,9
1741,7
1742,7
1743,9
1744,6
1745,2
1746,4
1747,2
1748,5
1749,4
1750,6
1751,7
1752,2
1753,4
1754,5
1755,9
1756,8
1757,7
1758,9
1759,1
1760,7
1761,7
1762,9
1763,6
1764,4
1765,3
1766,3
1767,4
1768,8
1769,7
1770,5
1771,4
1772,6
1773,5
1774,4
1775,4
1776,10
1777,5
1778,8
1779,9
1780,2
1781,8
1782,10
1783,9
1784,10
1785,7
1786,7
1787,7
1788,4
1789,3
1790,1
1791,4
1792,2
1793,7
1794,4
1795,9
1796,5
1797,4
1798,2
1799,2
1800,4
1801,7
1802,2
1803,6
1804,6
1805,4
1806,10
1807,1
1808,2
1809,8
1810,10
1811,5
1812,1
1813,7
1814,2
1815,2
1816,1
1817,2
1818,10
1819,7
1820,8
1821,10
1822,4
1823,7
1824,3
1825,2
1826,1
1827,2
1828,1
1829,1
1830,2
1831,1
1832,7
1833,3
1834,9
1835,6
1836,5
1837,9
1838,7
1839,6
1840,8
1841,8
1842,3
1843,4
1844,6
1845,2
1846,10
1847,5
1848,7
1849,2
1850,3
1851,1
1852,3
1853,10
1854,1
1855,7
1856,3
1857,8
1858,9
1859,9
1860,3
1861,9
1862,3
1863,10
1864,8
1865,10
1866,9
1867,4
1868,8
1869,3
1870,6
1871,6
1872,1
1873,10
1874,3
1875,5
1876,4
1877,4
1878,5
1879,10
1880,9
1881,4
1882,6
1883,8
1884,1
1885,9
1886,7
1887,2
1888,1
1889,10
1890,2
1891,10
1892,1
1893,5
1894,4
1895,4
1896,7
1897,10
1898,4
1899,5
1900,5
1901,10
1902,5
1903,3
1904,4
1905,6
1906,10
1907,4
1908,6
1909,5
1910,10
1911,10
1912,6
1913,1
1914,5
1915,7
1916,10
1917,3
1918,1
1919,1
1920,9
1921,3
1922,7
1923,8
1924,5
1925,5
1926,8
1927,2
1928,5
1929,5
1930,5
1931,10
1932,7
1933,4
1934,7
1935,8
1936,8
1937,6
1938,4
1939,5
1940,2
1941,2
1942,4
1943,7
1944,6
1945,5
1946,6
1947,7
1948,7
1949,6
1950,2
1951,2
1952,10
1953,7
1954,9
1955,4
1956,1
1957,4
1958,10
1959,8
1960,5
1961,8
1962,7
1963,8
1964,9
1965,1
1966,1
1967,5
1968,3
1969,6
1970,5
1971,1
1972,3
1973,2
1974,4
1975,3
1976,3
1977,4
1978,9
1979,6
1980,8
1981,5
1982,2
1983,3
1984,9
1985,4
1986,6
1987,2
1988,9
1989,5
1990,2
1991,3
1992,3
1993,6
1994,4
1995,2
1996,5
1997,6
1998,1
1999,6
2000,9
2001,2
2002,7
2003,10
2004,4
2005,3
2006,8
2007,1
2008,7
2009,1
2010,5
2011,2
2012,6
2013,2
2014,7
2015,2
2016,9
2017,10
2018,1
2019,2
2020,5
2021,7
2022,1
2023,2
2024,2
2025,10
2026,7
2027,5
2028,8
2029,10
2030,7
2031,4
2032,7
2033,10
2034,3
2035,7
2036,7
2037,2
2038,1
2039,9
2040,10
2041,9
2042,5
2043,6
2044,8
2045,6
2046,7
2047,5
2048,10
2049,6
2050,10
2051,8
2052,2
2053,6
2054,6
2055,5
2056,8
2057,1
2058,2
2059,5
2060,9
2061,6
2062,1
2063,10
2064,3
2065,7
2066,5
2067,10
2068,2
2069,3
2070,2
2071,4
2072,10
2073,8
2074,6
2075,9
2076,3
2077,8
2078,7
2079,8
2080,2
2081,10
2082,3
2083,8
2084,6
2085,4
2086,3
2087,2
2088,3
2089,6
2090,3
2091,7
2092,10
2093,6
2094,5
2095,5
2096,9
2097,4
2098,2
2099,5
2100,6
2101,9
2102,1
2103,2
2104,4
2105,2
2106,6
2107,10
2108,7
2109,4
2110,5
2111,10
2112,9
2113,6
2114,7
2115,3
2116,10
2117,4
2118,4
2119,7
2120,5
2121,4
2122,8
2123,10
2124,2
2125,2
2126,2
2127,2
2128,9
2129,4
2130,9
2131,7
2132,9
2133,10
2134,3
2135,3
2136,3
2137,8
2138,5
2139,10
2140,8
2141,4
2142,6
2143,5
2144,7
2145,7
2146,5
2147,4
2148,4
2149,2
2150,9
2151,8
2152,8
2153,7
2154,6
2155,3
2156,7
2157,8
2158,6
2159,8
2160,9
2161,2
2162,3
2163,10
2164,5
2165,8
2166,6
2167,9
2168,6
2169,10
2170,1
2171,8
2172,9
2173,3
2174,9
2175,7
2176,4
2177,4
2178,10
2179,3
2180,1
2181,3
2182,10
2183,10
2184,8
2185,8
2186,3
2187,4
2188,3
2189,5
2190,10
2191,1
2192,1
2193,3
2194,5
2195,8
2196,1
2197,3
2198,9
2199,8
2200,6
2201,10
2202,7
2203,1
2204,5
2205,1
2206,9
2207,2
2208,3
2209,2
2210,6
2211,10
2212,9
2213,3
2214,5
2215,4
2216,4
2217,3
2218,1
2219,7
2220,8
2221,3
2222,6
2223,4
2224,3
2225,1
2226,8
2227,5
2228,7
2229,1
2230,7
2231,3
2232,7
2233,5
2234,5
2235,1
2236,10
2237,8
2238,7
2239,10
2240,2
2241,1
2242,2
2243,2
2244,6
2245,5
2246,5
2247,5
2248,7
2249,2
2250,3
2251,10
2252,4
2253,2
2254,6
2255,1
2256,5
2257,9
2258,5
2259,6
2260,5
2261,4
2262,7
2263,8
2264,2
2265,6
2266,3
2267,3
2268,8
2269,6
2270,6
2271,1
2272,9
2273,5
2274,4
2275,8
2276,1
2277,10
2278,5
2279,6
2280,7
2281,10
2282,6
2283,8
2284,2
2285,1
2286,4
2287,6
2288,8
2289,4
2290,2
2291,1
2292,4
2293,4
2294,1
2295,9
2296,7
2297,6
2298,2
2299,2
2300,1
2301,6
2302,3
2303,7
2304,2
2305,1
2306,6
2307,2
2308,7
2309,5
2310,4
2311,5
2312,8
2313,8
2314,9
2315,8
2316,7
2317,1
2318,6
2319,6
2320,9
2321,3
2322,2
2323,10
2324,7
2325,10
2326,6
2327,7
2328,8
2329,5
2330,2
2331,5
2332,7
2333,1
2334,10
2335,2
2336,7
2337,7
2338,1
2339,5
2340,3
2341,3
2342,7
2343,2
2344,2
2345,3
2346,10
2347,8
2348,4
2349,7
2350,10
2351,2
2352,6
2353,6
2354,8
2355,10
2356,7
2357,2
2358,6
2359,4
2360,2
2361,1
2362,9
2363,6
2364,6
2365,8
2366,5
2367,1
2368,7
2369,7
2370,5
2371,1
2372,7
2373,10
2374,2
2375,7
2376,7
2377,3
2378,4
2379,10
2380,1
2381,1
2382,1
2383,4
2384,3
2385,7
2386,2
2387,8
2388,1
2389,6
2390,5
2391,6
2392,1
2393,7
2394,4
2395,1
2396,10
2397,9
2398,10
2399,4
2400,1
2401,8
2402,2
2403,6
2404,3
2405,9
2406,6
2407,9
2408,3
2409,6
2410,9
2411,9
2412,3
2413,8
2414,7
2415,8
2416,4
2417,10
2418,6
2419,7
2420,7
2421,2
2422,4
2423,4
2424,1
2425,2
2426,6
2427,9
2428,4
2429,1
2430,4
2431,8
2432,4
2433,8
2434,3
2435,2
2436,3
2437,7
2438,10
2439,4
2440,2
2441,8
2442,1
2443,3
2444,7
2445,10
2446,7
2447,4
2448,5
2449,9
2450,8
2451,8
2452,7
2453,1
2454,9
2455,8
2456,9
2457,2
2458,3
2459,3
2460,1
2461,9
2462,7
2463,6
2464,3
2465,7
2466,8
2467,3
2468,2
2469,2
2470,7
2471,6
2472,5
2473,10
2474,4
2475,9
2476,1
2477,8
2478,7
2479,8
2480,9
2481,4
2482,7
2483,7
2484,6
2485,6
2486,6
2487,4
2488,4
2489,9
2490,8
2491,7
2492,2
2493,9
2494,8
2495,6
2496,7
2497,10
2498,10
2499,3
2500,5
2501,4
2502,2
2503,4
2504,3
2505,6
2506,9
2507,3
2508,7
2509,3
2510,6
2511,5
2512,7
2513,10
2514,1
2515,6
2516,6
2517,9
2518,3
2519,2
2520,3
2521,10
2522,2
2523,1
2524,1
2525,10
2526,2
2527,9
2528,9
2529,2
2530,8
2531,2
2532,10
2533,3
2534,8
2535,1
2536,7
2537,9
2538,1
2539,10
2540,7
2541,7
2542,1
2543,6
2544,4
2545,8
2546,9
2547,1
2548,10
2549,5
2550,4
2551,9
2552,1
2553,3
2554,2
2555,1
2556,3
2557,6
2558,7
2559,5
2560,2
2561,2
2562,10
2563,7
2564,7
2565,9
2566,10
2567,3
2568,1
2569,1
2570,8
2571,4
2572,3
2573,3
2574,1
2575,4
2576,10
2577,3
2578,10
2579,10
2580,9
2581,1
2582,10
2583,1
2584,6
2585,1
2586,2
2587,7
2588,1
2589,6
2590,4
2591,1
2592,6
2593,6
2594,10
2595,6
2596,8
2597,6
2598,2
2599,9
2600,4
2601,3
2602,1
2603,4
2604,3
2605,1
2606,2
2607,9
2608,3
2609,1
2610,3
2611,1
2612,4
2613,2
2614,7
2615,6
2616,7
2617,5
2618,5
2619,9
2620,2
2621,9
2622,3
2623,2
2624,2
2625,6
2626,5
2627,8
2628,5
2629,2
2630,9
2631,2
2632,10
2633,3
2634,5
2635,1
2636,4
2637,6
2638,7
2639,10
2640,7
2641,9
2642,10
2643,10
2644,8
2645,8
2646,8
2647,9
2648,10
2649,7
2650,4
2651,6
2652,7
2653,7
2654,5
2655,9
2656,5
2657,9
2658,8
2659,10
2660,5
2661,5
2662,1
2663,9
2664,4
2665,2
2666,10
2667,4
2668,3
2669,2
2670,1
2671,3
2672,9
2673,9
2674,8
2675,2
2676,9
2677,7
2678,2
2679,3
2680,1
2681,6
2682,4
2683,3
2684,9
2685,9
2686,2
2687,1
2688,5
2689,10
2690,3
2691,9
2692,10
2693,1
2694,4
2695,8
2696,3
2697,3
2698,1
2699,3
2700,1
2701,2
2702,1
2703,4
2704,1
2705,7
2706,2
2707,1
2708,3
2709,10
2710,8
2711,2
2712,7
2713,6
2714,3
2715,3
2716,5
2717,7
2718,10
2719,2
2720,8
2721,5
2722,9
2723,3
2724,6
2725,6
2726,8
2727,2
2728,1
2729,10
2730,7
2731,4
2732,9
2733,4
2734,3
2735,9
2736,9
2737,10
2738,6
2739,5
2740,10
2741,5
2742,6
2743,10
2744,3
2745,6
2746,10
2747,3
2748,3
2749,4
2750,6
2751,3
2752,1
2753,2
2754,4
2755,1
2756,2
2757,10
2758,6
2759,3
2760,8
2761,6
2762,9
2763,10
2764,4
2765,9
2766,10
2767,6
2768,9
2769,6
2770,10
2771,7
2772,1
2773,1
2774,3
2775,5
2776,3
2777,2
2778,2
2779,5
2780,1
2781,5
2782,8
2783,7
2784,2
2785,2
2786,4
2787,10
2788,8
2789,9
2790,2
2791,9
2792,7
2793,4
2794,3
2795,10
2796,2
2797,1
2798,6
2799,7
2800,1
2801,8
2802,1
2803,7
2804,1
2805,5
2806,9
2807,2
2808,8
2809,6
2810,8
2811,6
2812,7
2813,5
2814,5
2815,8
2816,4
2817,8
2818,7
2819,9
2820,4
2821,1
2822,7
2823,7
2824,1
2825,10
2826,5
2827,8
2828,5
2829,1
2830,8
2831,5
2832,2
2833,4
2834,4
2835,2
2836,2
2837,7
2838,4
2839,7
2840,2
2841,9
2842,5
2843,1
2844,10
2845,3
2846,4
2847,10
2848,2
2849,8
2850,10
2851,7
2852,9
2853,4
2854,3
2855,5
2856,3
2857,3
2858,1
2859,10
2860,3
2861,8
2862,4
2863,10
2864,6
2865,10
2866,7
2867,6
2868,1
2869,3
2870,4
2871,10
2872,5
2873,9
2874,9
2875,7
2876,8
2877,8
2878,3
2879,7
2880,10
2881,9
2882,10
2883,1
2884,6
2885,1
2886,9
2887,1
2888,2
2889,6
2890,8
2891,1
2892,10
2893,4
2894,7
2895,6
2896,7
2897,1
2898,6
2899,2
2900,7
2901,7
2902,3
2903,6
2904,1
2905,1
2906,10
2907,7
2908,2
2909,4
2910,10
2911,6
2912,8
2913,1
2914,10
2915,2
2916,9
2917,9
2918,8
2919,4
2920,10
2921,10
2922,6
2923,9
2924,1
2925,2
2926,2
2927,7
2928,4
2929,5
2930,4
2931,2
2932,9
2933,9
2934,3
2935,5
2936,3
2937,4
2938,7
2939,10
2940,1
2941,9
2942,1
2943,8
2944,1
2945,5
2946,5
2947,3
2948,6
2949,1
2950,6
2951,7
2952,2
2953,3
2954,10
2955,5
2956,5
2957,4
2958,7
2959,9
2960,2
2961,4
2962,2
2963,8
2964,2
2965,4
2966,8
2967,3
2968,7
2969,5
2970,2
2971,2
2972,7
2973,3
2974,5
2975,2
2976,7
2977,1
2978,2
2979,5
2980,8
2981,6
2982,5
2983,5
2984,1
2985,9
2986,7
2987,8
2988,3
2989,9
2990,3
2991,5
2992,6
2993,4
2994,9
2995,4
2996,1
2997,1
2998,1
2999,9
3000,7
3001,1
3002,6
3003,9
3004,9
3005,8
3006,10
3007,3
3008,6
3009,6
3010,2
3011,4
3012,7
3013,6
3014,8
3015,10
3016,7
3017,10
3018,1
3019,6
3020,4
3021,2
3022,8
3023,5
3024,2
3025,3
3026,8
3027,6
3028,3
3029,6
3030,5
3031,5
3032,4
3033,1
3034,5
3035,3
3036,6
3037,5
3038,8
3039,2
3040,1
3041,7
3042,3
3043,5
3044,10
3045,6
3046,9
3047,7
3048,1
3049,8
3050,10
3051,2
3052,2
3053,4
3054,5
3055,6
3056,4
3057,5
3058,4
3059,7
3060,3
3061,10
3062,4
3063,1
3064,6
3065,4
3066,10
3067,5
3068,2
3069,10
3070,2
3071,1
3072,3
3073,6
3074,5
3075,7
3076,4
3077,1
3078,5
3079,7
3080,9
3081,3
3082,7
3083,1
3084,4
3085,4
3086,2
3087,5
3088,8
3089,9
3090,10
3091,8
3092,2
3093,8
3094,5
3095,3
3096,2
3097,9
3098,2
3099,2
3100,6
3101,8
3102,4
3103,7
3104,10
3105,10
3106,4
3107,10
3108,7
3109,8
3110,1
3111,6
3112,2
3113,9
3114,3
3115,1
3116,4
3117,5
3118,1
3119,2
3120,4
3121,4
3122,10
3123,3
3124,8
3125,9
3126,1
3127,8
3128,4
3129,1
3130,9
3131,6
3132,7
3133,6
3134,9
3135,3
3136,9
3137,6
3138,7
3139,2
3140,10
3141,1
3142,7
3143,4
3144,1
3145,10
3146,5
3147,10
3148,5
3149,1
3150,7
3151,5
3152,8
3153,2
3154,9
3155,7
3156,8
3157,8
3158,7
3159,2
3160,7
3161,2
3162,2
3163,7
3164,10
3165,7
3166,10
3167,6
3168,9
3169,5
3170,9
3171,6
3172,4
3173,5
3174,7
3175,2
3176,8
3177,10
3178,7
3179,1
3180,4
3181,9
3182,1
3183,6
3184,3
3185,9
3186,8
3187,2
3188,7
3189,6
3190,2
3191,9
3192,5
3193,8
3194,1
3195,2
3196,4
3197,6
3198,6
3199,5
3200,8
3201,4
3202,10
3203,9
3204,2
3205,7
3206,7
3207,10
3208,9
3209,9
3210,7
3211,5
3212,7
3213,4
3214,5
3215,6
3216,1
3217,4
3218,8
3219,8
3220,1
3221,9
3222,1
3223,10
3224,10
3225,7
3226,2
3227,6
3228,2
3229,2
3230,2
3231,9
3232,10
3233,8
3234,2
3235,3
3236,7
3237,2
3238,7
3239,6
3240,4
3241,2
3242,8
3243,8
3244,8
3245,8
3246,4
3247,7
3248,10
3249,6
3250,10
3251,5
3252,4
3253,10
3254,1
3255,7
3256,4
3257,6
3258,8
3259,8
3260,6
3261,4
3262,10
3263,6
3264,1
3265,6
3266,8
3267,8
3268,4
3269,6
3270,4
3271,3
3272,2
3273,9
3274,9
3275,4
3276,4
3277,3
3278,9
3279,2
3280,10
3281,8
3282,6
3283,1
3284,8
3285,3
3286,5
3287,4
3288,5
3289,3
3290,7
3291,3
3292,6
3293,8
3294,10
3295,9
3296,1
3297,7
3298,8
3299,10
3300,9
3301,3
3302,7
3303,1
3304,2
3305,5
3306,5
3307,8
3308,1
3309,8
3310,8
3311,4
3312,4
3313,7
3314,9
3315,4
3316,9
3317,8
3318,9
3319,2
3320,3
3321,3
3322,5
3323,1
3324,4
3325,5
3326,1
3327,9
3328,10
3329,6
3330,4
3331,9
3332,9
3333,3
3334,2
3335,7
3336,9
3337,7
3338,10
3339,10
3340,8
3341,7
3342,3
3343,5
3344,9
3345,4
3346,2
3347,8
3348,10
3349,3
3350,7
3351,6
3352,5
3353,7
3354,4
3355,5
3356,1
3357,10
3358,4
3359,5
3360,6
3361,4
3362,3
3363,7
3364,10
3365,9
3366,6
3367,2
3368,8
3369,6
3370,3
3371,1
3372,8
3373,4
3374,10
3375,9
3376,9
3377,10
3378,7
3379,3
3380,4
3381,7
3382,5
3383,9
3384,9
3385,8
3386,10
3387,7
3388,1
3389,3
3390,7
3391,5
3392,9
3393,9
3394,7
3395,8
3396,2
3397,7
3398,10
3399,3
3400,4
3401,5
3402,10
3403,10
3404,3
3405,10
3406,2
3407,5
3408,7
3409,8
3410,5
3411,6
3412,6
3413,7
3414,3
3415,4
3416,4
3417,8
3418,5
3419,5
3420,7
3421,4
3422,3
3423,5
3424,3
3425,1
3426,3
3427,10
3428,4
3429,3
3430,3
3431,3
3432,1
3433,10
3434,10
3435,6
3436,5
3437,6
3438,7
3439,9
3440,6
3441,2
3442,6
3443,4
3444,5
3445,10
3446,2
3447,5
3448,9
3449,10
3450,4
3451,9
3452,1
3453,5
3454,2
3455,4
3456,4
3457,1
3458,2
3459,4
3460,7
3461,9
3462,6
3463,4
3464,5
3465,1
3466,6
3467,10
3468,8
3469,5
3470,2
3471,4
3472,9
3473,1
3474,4
3475,8
3476,2
3477,6
3478,6
3479,3
3480,8
3481,8
3482,9
3483,1
3484,4
3485,8
3486,5
3487,1
3488,3
3489,4
3490,3
3491,10
3492,4
3493,1
3494,4
3495,2
3496,4
3497,9
3498,3
3499,2
3500,10
3501,9
3502,5
3503,6
3504,2
3505,8
3506,10
3507,4
3508,2
3509,7
3510,9
3511,3
3512,9
3513,4
3514,10
3515,7
3516,9
3517,7
3518,6
3519,5
3520,5
3521,5
3522,9
3523,9
3524,4
3525,5
3526,3
3527,6
3528,8
3529,3
3530,2
3531,4
3532,3
3533,2
3534,7
3535,2
3536,7
3537,2
3538,5
3539,2
3540,2
3541,4
3542,5
3543,5
3544,3
3545,9
3546,10
3547,2
3548,7
3549,2
3550,3
3551,5
3552,9
3553,1
3554,5
3555,10
3556,2
3557,2
3558,9
3559,4
3560,1
3561,2
3562,5
3563,9
3564,5
3565,10
3566,5
3567,4
3568,6
3569,4
3570,9
3571,9
3572,10
3573,7
3574,5
3575,6
3576,6
3577,9
3578,2
3579,7
3580,9
3581,5
3582,1
3583,4
3584,5
3585,5
3586,4
3587,9
3588,8
3589,6
3590,6
3591,7
3592,9
3593,10
3594,4
3595,6
3596,9
3597,3
3598,3
3599,4
3600,4
3601,4
3602,5
3603,9
3604,1
3605,7
3606,1
3607,4
3608,4
3609,9
3610,6
3611,4
3612,9
3613,10
3614,3
3615,7
3616,6
3617,10
3618,8
3619,5
3620,5
3621,6
3622,1
3623,1
3624,1
3625,3
3626,6
3627,5
3628,2
3629,1
3630,10
3631,2
3632,4
3633,4
3634,4
3635,2
3636,9
3637,1
3638,4
3639,1
3640,3
3641,8
3642,6
3643,6
3644,8
3645,10
3646,5
3647,9
3648,3
3649,9
3650,9
3651,7
3652,6
3653,10
3654,9
3655,5
3656,8
3657,6
3658,10
3659,6
3660,6
3661,4
3662,8
3663,1
3664,6
3665,4
3666,7
3667,1
3668,3
3669,3
3670,4
3671,5
3672,4
3673,7
3674,7
3675,10
3676,6
3677,2
3678,9
3679,3
3680,9
3681,7
3682,9
3683,2
3684,7
3685,3
3686,9
3687,8
3688,3
3689,1
3690,9
3691,1
3692,1
3693,5
3694,10
3695,3
3696,3
3697,4
3698,5
3699,10
3700,8
3701,3
3702,5
3703,1
3704,4
3705,6
3706,2
3707,2
3708,9
3709,3
3710,9
3711,8
3712,7
3713,3
3714,6
3715,9
3716,5
3717,2
3718,5
3719,7
3720,7
3721,2
3722,7
3723,3
3724,8
3725,10
3726,5
3727,4
3728,2
3729,9
3730,9
3731,10
3732,6
3733,4
3734,10
3735,9
3736,9
3737,1
3738,7
3739,4
3740,5
3741,2
3742,8
3743,6
3744,1
3745,6
3746,1
3747,5
3748,6
3749,7
3750,9
3751,9
3752,5
3753,2
3754,4
3755,1
3756,7
3757,3
3758,2
3759,3
3760,4
3761,1
3762,8
3763,10
3764,8
3765,8
3766,6
3767,6
3768,4
3769,4
3770,3
3771,5
3772,9
3773,1
3774,5
3775,8
3776,5
3777,3
3778,10
3779,4
3780,10
3781,2
3782,9
3783,7
3784,10
3785,10
3786,10
3787,3
3788,2
3789,10
3790,3
3791,8
3792,5
3793,6
3794,8
3795,8
3796,2
3797,9
3798,9
3799,2
3800,5
3801,3
3802,3
3803,7
3804,5
3805,8
3806,10
3807,3
3808,10
3809,1
3810,2
3811,6
3812,1
3813,10
3814,3
3815,10
3816,10
3817,8
3818,5
3819,2
3820,9
3821,2
3822,1
3823,2
3824,5
3825,1
3826,5
3827,5
3828,9
3829,8
3830,2
3831,6
3832,3
3833,9
3834,1
3835,8
3836,4
3837,10
3838,5
3839,10
3840,5
3841,9
3842,8
3843,3
3844,10
3845,4
3846,7
3847,1
3848,9
3849,6
3850,9
3851,5
3852,3
3853,3
3854,1
3855,9
3856,4
3857,5
3858,8
3859,5
3860,3
3861,4
3862,1
3863,2
3864,9
3865,3
3866,2
3867,2
3868,7
3869,6
3870,10
3871,6
3872,8
3873,3
3874,6
3875,6
3876,2
3877,5
3878,5
3879,3
3880,4
3881,8
3882,9
3883,1
3884,3
3885,6
3886,1
3887,1
3888,9
3889,10
3890,5
3891,10
3892,6
3893,1
3894,6
3895,8
3896,8
3897,1
3898,8
3899,10
3900,7
3901,5
3902,7
3903,3
3904,3
3905,2
3906,8
3907,4
3908,1
3909,7
3910,1
3911,6
3912,1
3913,3
3914,10
3915,2
3916,10
3917,6
3918,4
3919,8
3920,10
3921,10
3922,9
3923,9
3924,6
3925,5
3926,6
3927,7
3928,10
3929,3
3930,7
3931,9
3932,7
3933,5
3934,4
3935,3
3936,3
3937,5
3938,9
3939,5
3940,3
3941,2
3942,1
3943,3
3944,8
3945,2
3946,10
3947,9
3948,3
3949,10
3950,5
3951,4
3952,6
3953,4
3954,5
3955,8
3956,3
3957,5
3958,5
3959,10
3960,7
3961,4
3962,1
3963,6
3964,4
3965,1
3966,9
3967,6
3968,9
3969,8
3970,2
3971,3
3972,7
3973,3
3974,3
3975,5
3976,10
3977,10
3978,8
3979,2
3980,10
3981,4
3982,1
3983,8
3984,6
3985,4
3986,7
3987,9
3988,6
3989,9
3990,1
3991,5
3992,5
3993,6
3994,3
3995,1
3996,7
3997,8
3998,5
3999,4
4000,10
4001,7
4002,1
4003,1
4004,2
4005,8
4006,6
4007,3
4008,10
4009,4
4010,3
4011,8
4012,9
4013,9
4014,6
4015,8
4016,2
4017,6
4018,9
4019,5
4020,8
4021,4
4022,4
4023,5
4024,2
4025,8
4026,2
4027,2
4028,2
4029,4
4030,7
4031,2
4032,7
4033,8
4034,4
4035,1
4036,1
4037,1
4038,6
4039,3
4040,8
4041,7
4042,7
4043,9
4044,7
4045,5
4046,4
4047,2
4048,8
4049,10
4050,4
4051,6
4052,3
4053,7
4054,7
4055,10
4056,7
4057,2
4058,5
4059,4
4060,3
4061,4
4062,5
4063,1
4064,5
4065,6
4066,6
4067,9
4068,4
4069,4
4070,5
4071,7
4072,9
4073,3
4074,10
4075,3
4076,1
4077,7
4078,1
4079,3
4080,5
4081,1
4082,5
4083,7
4084,4
4085,6
4086,5
4087,9
4088,3
4089,3
4090,1
4091,7
4092,1
4093,6
4094,9
4095,1
4096,3
4097,9
4098,8
4099,10
4100,10
4101,9
4102,4
4103,4
4104,7
4105,3
4106,9
4107,6
4108,9
4109,4
4110,9
4111,7
4112,10
4113,2
4114,4
4115,10
4116,2
4117,1
4118,3
4119,3
4120,6
4121,4
4122,4
4123,5
4124,8
4125,8
4126,4
4127,7
4128,6
4129,4
4130,1
4131,9
4132,5
4133,6
4134,3
4135,9
4136,5
4137,9
4138,7
4139,3
4140,4
4141,8
4142,10
4143,6
4144,8
4145,9
4146,10
4147,3
4148,1
4149,4
4150,2
4151,1
4152,6
4153,1
4154,10
4155,1
4156,8
4157,8
4158,4
4159,8
4160,4
4161,8
4162,3
4163,8
4164,1
4165,2
4166,5
4167,4
4168,7
4169,10
4170,1
4171,5
4172,2
4173,3
4174,8
4175,5
4176,2
4177,1
4178,4
4179,5
4180,7
4181,5
4182,1
4183,2
4184,9
4185,10
4186,7
4187,1
4188,4
4189,10
4190,7
4191,10
4192,1
4193,6
4194,9
4195,10
4196,6
4197,7
4198,7
4199,2
4200,5
4201,6
4202,1
4203,1
4204,9
4205,4
4206,9
4207,10
4208,10
4209,1
4210,3
4211,6
4212,1
4213,4
4214,10
4215,4
4216,2
4217,1
4218,8
4219,7
4220,9
4221,3
4222,8
4223,2
4224,4
4225,9
4226,2
4227,3
4228,7
4229,7
4230,7
4231,1
4232,4
4233,3
4234,6
4235,6
4236,9
4237,4
4238,4
4239,3
4240,10
4241,6
4242,6
4243,10
4244,9
4245,4
4246,8
4247,4
4248,8
4249,9
4250,2
4251,4
4252,5
4253,4
4254,4
4255,9
4256,1
4257,10
4258,1
4259,6
4260,9
4261,6
4262,1
4263,7
4264,9
4265,8
4266,7
4267,5
4268,5
4269,2
4270,5
4271,10
4272,6
4273,4
4274,4
4275,5
4276,9
4277,10
4278,10
4279,8
4280,4
4281,9
4282,9
4283,2
4284,5
4285,1
4286,8
4287,9
4288,4
4289,4
4290,3
4291,6
4292,6
4293,10
4294,1
4295,10
4296,7
4297,4
4298,9
4299,10
4300,4
4301,8
4302,9
4303,9
4304,5
4305,6
4306,9
4307,6
4308,1
4309,1
4310,5
4311,5
4312,1
4313,3
4314,3
4315,6
4316,6
4317,9
4318,10
4319,4
4320,6
4321,9
4322,7
4323,1
4324,8
4325,7
4326,8
4327,7
4328,3
4329,4
4330,7
4331,9
4332,6
4333,1
4334,9
4335,2
4336,5
4337,9
4338,3
4339,3
4340,2
4341,6
4342,10
4343,7
4344,8
4345,1
4346,4
4347,2
4348,1
4349,2
4350,2
4351,7
4352,2
4353,5
4354,10
4355,6
4356,4
4357,2
4358,5
4359,2
4360,9
4361,7
4362,9
4363,4
4364,6
4365,4
4366,8
4367,10
4368,8
4369,2
4370,2
4371,4
4372,4
4373,8
4374,1
4375,4
4376,10
4377,9
4378,5
4379,4
4380,10
4381,4
4382,3
4383,2
4384,7
4385,4
4386,6
4387,10
4388,1
4389,8
4390,1
4391,8
4392,1
4393,7
4394,10
4395,10
4396,5
4397,10
4398,8
4399,2
4400,3
4401,9
4402,9
4403,6
4404,10
4405,1
4406,5
4407,3
4408,7
4409,2
4410,9
4411,4
4412,8
4413,4
4414,8
4415,1
4416,7
4417,10
4418,4
4419,8
4420,9
4421,6
4422,1
4423,8
4424,2
4425,7
4426,6
4427,10
4428,7
4429,4
4430,3
4431,7
4432,1
4433,10
4434,1
4435,6
4436,6
4437,4
4438,6
4439,6
4440,4
4441,10
4442,9
4443,8
4444,1
4445,9
4446,6
4447,3
4448,6
4449,3
4450,1
4451,8
4452,6
4453,7
4454,10
4455,5
4456,2
4457,8
4458,10
4459,10
4460,1
4461,9
4462,8
4463,10
4464,5
4465,8
4466,8
4467,4
4468,1
4469,10
4470,1
4471,5
4472,9
4473,7
4474,8
4475,2
4476,4
4477,7
4478,4
4479,1
4480,3
4481,5
4482,9
4483,4
4484,1
4485,10
4486,10
4487,9
4488,4
4489,10
4490,9
4491,4
4492,5
4493,8
4494,1
4495,10
4496,10
4497,1
4498,5
4499,9
4500,8
4501,6
4502,8
4503,1
4504,5
4505,6
4506,4
4507,10
4508,8
4509,10
4510,7
4511,6
4512,9
4513,2
4514,2
4515,3
4516,2
4517,8
4518,3
4519,9
4520,10
4521,6
4522,9
4523,3
4524,7
4525,9
4526,1
4527,8
4528,3
4529,2
4530,8
4531,1
4532,10
4533,4
4534,7
4535,7
4536,2
4537,8
4538,4
4539,5
4540,10
4541,5
4542,9
4543,3
4544,10
4545,1
4546,3
4547,8
4548,6
4549,10
4550,4
4551,2
4552,10
4553,3
4554,7
4555,2
4556,8
4557,6
4558,6
4559,6
4560,4
4561,6
4562,8
4563,2
4564,5
4565,2
4566,4
4567,5
4568,10
4569,2
4570,9
4571,5
4572,8
4573,2
4574,1
4575,8
4576,3
4577,10
4578,9
4579,6
4580,4
4581,8
4582,6
4583,8
4584,3
4585,2
4586,7
4587,5
4588,4
4589,10
4590,8
4591,2
4592,8
4593,3
4594,3
4595,6
4596,1
4597,7
4598,9
4599,9
4600,2
4601,7
4602,2
4603,5
4604,7
4605,4
4606,5
4607,5
4608,5
4609,2
4610,7
4611,9
4612,1
4613,3
4614,7
4615,6
4616,1
4617,3
4618,3
4619,4
4620,8
4621,10
4622,6
4623,5
4624,10
4625,7
4626,1
4627,9
4628,10
4629,9
4630,5
4631,10
4632,5
4633,8
4634,4
4635,1
4636,8
4637,6
4638,2
4639,1
4640,4
4641,3
4642,6
4643,6
4644,8
4645,2
4646,7
4647,4
4648,10
4649,3
4650,9
4651,9
4652,5
4653,6
4654,1
4655,5
4656,7
4657,1
4658,9
4659,9
4660,3
4661,9
4662,1
4663,4
4664,4
4665,5
4666,7
4667,8
4668,2
4669,5
4670,10
4671,3
4672,10
4673,6
4674,8
4675,4
4676,6
4677,7
4678,3
4679,2
4680,3
4681,7
4682,6
4683,7
4684,10
4685,7
4686,10
4687,6
4688,8
4689,5
4690,3
4691,10
4692,6
4693,8
4694,9
4695,10
4696,3
4697,6
4698,5
4699,7
4700,6
4701,10
4702,4
4703,10
4704,9
4705,9
4706,10
4707,9
4708,5
4709,3
4710,10
4711,7
4712,10
4713,4
4714,5
4715,8
4716,2
4717,8
4718,5
4719,5
4720,8
4721,10
4722,8
4723,3
4724,1
4725,6
4726,6
4727,1
4728,10
4729,9
4730,1
4731,2
4732,9
4733,5
4734,3
4735,2
4736,3
4737,9
4738,9
4739,7
4740,6
4741,8
4742,5
4743,1
4744,3
4745,5
4746,9
4747,6
4748,1
4749,1
4750,3
4751,3
4752,2
4753,10
4754,9
4755,3
4756,6
4757,1
4758,8
4759,7
4760,6
4761,6
4762,6
4763,1
4764,5
4765,8
4766,3
4767,10
4768,2
4769,2
4770,8
4771,6
4772,4
4773,4
4774,7
4775,6
4776,10
4777,4
4778,10
4779,10
4780,2
4781,8
4782,10
4783,8
4784,6
4785,1
4786,9
4787,6
4788,10
4789,7
4790,8
4791,1
4792,5
4793,3
4794,3
4795,2
4796,5
4797,6
4798,8
4799,5
4800,4
4801,4
4802,3
4803,7
4804,8
4805,10
4806,6
4807,2
4808,10
4809,10
4810,2
4811,8
4812,7
4813,1
4814,3
4815,3
4816,8
4817,7
4818,9
4819,6
4820,4
4821,10
4822,8
4823,7
4824,1
4825,9
4826,10
4827,3
4828,6
4829,6
4830,10
4831,8
4832,7
4833,5
4834,4
4835,5
4836,2
4837,8
4838,9
4839,9
4840,3
4841,3
4842,4
4843,3
4844,6
4845,3
4846,2
4847,4
4848,8
4849,8
4850,5
4851,7
4852,3
4853,8
4854,10
4855,6
4856,1
4857,5
4858,3
4859,3
4860,8
4861,10
4862,8
4863,5
4864,7
4865,7
4866,2
4867,5
4868,5
4869,7
4870,1
4871,10
4872,9
4873,4
4874,10
4875,9
4876,1
4877,1
4878,8
4879,8
4880,4
4881,2
4882,3
4883,6
4884,4
4885,5
4886,4
4887,3
4888,9
4889,3
4890,6
4891,9
4892,7
4893,9
4894,8
4895,9
4896,10
4897,9
4898,9
4899,2
4900,1
4901,5
4902,7
4903,6
4904,4
4905,6
4906,7
4907,5
4908,9
4909,6
4910,7
4911,3
4912,6
4913,1
4914,3
4915,5
4916,1
4917,8
4918,8
4919,4
4920,6
4921,4
4922,10
4923,4
4924,9
4925,8
4926,1
4927,2
4928,8
4929,3
4930,8
4931,6
4932,2
4933,5
4934,9
4935,2
4936,9
4937,7
4938,1
4939,9
4940,10
4941,4
4942,3
4943,9
4944,9
4945,3
4946,7
4947,4
4948,8
4949,3
4950,3
4951,5
4952,10
4953,9
4954,1
4955,10
4956,9
4957,10
4958,3
4959,5
4960,10
4961,7
4962,10
4963,9
4964,7
4965,7
4966,5
4967,10
4968,3
4969,4
4970,5
4971,9
4972,10
4973,9
4974,2
4975,2
4976,2
4977,3
4978,8
4979,2
4980,4
4981,3
4982,8
4983,4
4984,10
4985,2
4986,1
4987,8
4988,2
4989,2
4990,1
4991,3
4992,4
4993,2
4994,5
4995,1
4996,3
4997,2
4998,7
4999,10
5000,5
5001,3
5002,10
5003,1
5004,7
5005,9
5006,2
5007,10
5008,5
5009,9
5010,10
5011,5
5012,10
5013,4
5014,8
5015,3
5016,4
5017,5
5018,10
5019,1
5020,4
5021,4
5022,8
5023,7
5024,10
5025,4
5026,8
5027,8
5028,1
5029,3
5030,3
5031,7
5032,2
5033,9
5034,10
5035,10
5036,5
5037,8
5038,7
5039,5
5040,8
5041,1
5042,2
5043,2
5044,4
5045,9
5046,7
5047,7
5048,8
5049,10
5050,1
5051,10
5052,8
5053,1
5054,1
5055,2
5056,1
5057,9
5058,1
5059,3
5060,7
5061,7
5062,2
5063,6
5064,4
5065,4
5066,6
5067,1
5068,7
5069,6
5070,2
5071,1
5072,5
5073,9
5074,2
5075,8
5076,3
5077,7
5078,4
5079,10
5080,5
5081,6
5082,1
5083,8
5084,10
5085,5
5086,2
5087,6
5088,3
5089,9
5090,2
5091,10
5092,5
5093,5
5094,2
5095,3
5096,3
5097,4
5098,9
5099,10
5100,9
5101,3
5102,8
5103,6
5104,9
5105,8
5106,7
5107,1
5108,3
5109,7
5110,7
5111,1
5112,6
5113,6
5114,7
5115,3
5116,4
5117,4
5118,6
5119,9
5120,7
5121,5
5122,2
5123,10
5124,1
5125,8
5126,2
5127,10
5128,7
5129,3
5130,6
5131,9
5132,3
5133,6
5134,4
5135,1
5136,6
5137,10
5138,10
5139,5
5140,2
5141,7
5142,6
5143,10
5144,2
5145,8
5146,3
5147,5
5148,10
5149,6
5150,4
5151,9
5152,1
5153,2
5154,8
5155,3
5156,1
5157,7
5158,7
5159,5
5160,5
5161,5
5162,9
5163,5
5164,2
5165,3
5166,4
5167,1
5168,4
5169,9
5170,5
5171,8
5172,6
5173,6
5174,1
5175,3
5176,1
5177,4
5178,6
5179,3
5180,7
5181,9
5182,6
5183,10
5184,5
5185,10
5186,1
5187,4
5188,8
5189,6
5190,9
5191,3
5192,5
5193,7
5194,7
5195,6
5196,5
5197,6
5198,5
5199,10
5200,2
5201,5
5202,1
5203,1
5204,5
5205,7
5206,3
5207,7
5208,2
5209,1
5210,5
5211,10
5212,6
5213,4
5214,3
5215,4
5216,4
5217,2
5218,2
5219,5
5220,3
5221,2
5222,8
5223,10
5224,5
5225,2
5226,10
5227,5
5228,7
5229,1
5230,5
5231,4
5232,8
5233,8
5234,8
5235,5
5236,4
5237,2
5238,5
5239,6
5240,7
5241,3
5242,4
5243,2
5244,4
5245,9
5246,10
5247,2
5248,5
5249,7
5250,2
5251,4
5252,9
5253,5
5254,5
5255,1
5256,5
5257,2
5258,7
5259,10
5260,1
5261,3
5262,1
5263,10
5264,1
5265,6
5266,6
5267,1
5268,5
5269,8
5270,2
5271,3
5272,9
5273,6
5274,10
5275,7
5276,9
5277,2
5278,7
5279,4
5280,5
5281,4
5282,1
5283,4
5284,5
5285,10
5286,6
5287,4
5288,7
5289,5
5290,6
5291,1
5292,10
5293,8
5294,10
5295,10
5296,3
5297,10
5298,8
5299,4
5300,9
5301,7
5302,7
5303,3
5304,10
5305,3
5306,9
5307,2
5308,9
5309,2
5310,7
5311,3
5312,10
5313,8
5314,2
5315,9
5316,2
5317,10
5318,3
5319,8
5320,5
5321,5
5322,9
5323,9
5324,3
5325,2
5326,5
5327,1
5328,2
5329,9
5330,3
5331,7
5332,7
5333,8
5334,3
5335,9
5336,1
5337,2
5338,2
5339,6
5340,9
5341,10
5342,9
5343,10
5344,5
5345,7
5346,7
5347,10
5348,1
5349,4
5350,7
5351,10
5352,6
5353,10
5354,5
5355,8
5356,4
5357,7
5358,9
5359,5
5360,4
5361,7
5362,3
5363,4
5364,9
5365,7
5366,5
5367,5
5368,1
5369,5
5370,10
5371,9
5372,9
5373,2
5374,10
5375,7
5376,8
5377,10
5378,10
5379,1
5380,3
5381,8
5382,10
5383,6
5384,5
5385,7
5386,5
5387,8
5388,10
5389,8
5390,5
5391,2
5392,5
5393,6
5394,3
5395,5
5396,7
5397,6
5398,6
5399,8
5400,3
5401,10
5402,5
5403,5
5404,3
5405,1
5406,9
5407,6
5408,5
5409,10
5410,1
5411,6
5412,10
5413,3
5414,9
5415,4
5416,8
5417,8
5418,9
5419,7
5420,3
5421,1
5422,8
5423,9
5424,2
5425,4
5426,6
5427,9
5428,9
5429,5
5430,3
5431,6
5432,8
5433,3
5434,3
5435,4
5436,4
5437,2
5438,7
5439,5
5440,7
5441,7
5442,9
5443,7
5444,4
5445,5
5446,6
5447,1
5448,2
5449,7
5450,6
5451,4
5452,10
5453,8
5454,9
5455,6
5456,6
5457,10
5458,5
5459,2
5460,6
5461,7
5462,10
5463,9
5464,9
5465,2
5466,1
5467,3
5468,7
5469,1
5470,5
5471,5
5472,2
5473,6
5474,10
5475,3
5476,4
5477,5
5478,5
5479,8
5480,9
5481,4
5482,5
5483,6
5484,7
5485,3
5486,9
5487,4
5488,3
5489,3
5490,5
5491,6
5492,10
5493,2
5494,2
5495,7
5496,9
5497,6
5498,8
5499,7
5500,2
5501,6
5502,8
5503,2
5504,5
5505,2
5506,9
5507,6
5508,8
5509,10
5510,2
5511,6
5512,10
5513,4
5514,10
5515,2
5516,10
5517,7
5518,10
5519,10
5520,4
5521,4
5522,3
5523,3
5524,4
5525,9
5526,7
5527,1
5528,7
5529,6
5530,6
5531,7
5532,2
5533,10
5534,8
5535,4
5536,7
5537,6
5538,8
5539,1
5540,2
5541,6
5542,1
5543,8
5544,5
5545,2
5546,2
5547,7
5548,1
5549,4
5550,5
5551,7
5552,7
5553,7
5554,5
5555,7
5556,1
5557,5
5558,10
5559,3
5560,4
5561,7
5562,1
5563,7
5564,1
5565,1
5566,9
5567,5
5568,5
5569,1
5570,3
5571,5
5572,9
5573,9
5574,6
5575,2
5576,10
5577,9
5578,10
5579,8
